Workbook

Sheet Datos
A3: N | B3: Tipo | C3: Severidad | D3: Detectado por
A4: D-01 | B4: Ambiguedad | C4: Menor | D4: Ariel Castro
A5: D-02 | B5: Consistencia | C5: Mayor | D5: Ariel Castro
A6: D-03 | B6: Completitud | C6: Mayor | D6: Ariel Castro y Rosselyn Sanchez
A7: D-04 | B7: Completitud | C7: Mayor | D7: Ariel Castro
A8: D-05 | B8: Ambiguedad | C8: Menor | D8: Ariel Castro
A9: D-06 | B9: Ambiguedad | C9: Mayor | D9: Ariel Castro
A10: D-07 | B10: Ambiguedad | C10: Menor | D10: Ariel Castro
A11: D-08 | B11: Verificabilidad | C11: Mayor | D11: Ariel Castro
A12: D-09 | B12: Consistencia | C12: Critico | D12: Rosselyn Sanchez
A13: D-10 | B13: Trazabilidad | C13: Mayor | D13: Rosselyn Sanchez
A14: D-11 | B14: Ambiguedad | C14: Menor | D14: Rosselyn Sanchez
... A19: D-16 | B19: Trazabilidad | C19: Mayor | D19: Rosselyn Sanchez

Sheet Metricas
A1: METRICAS DE LA INSPECCION FAGAN — PE4
A3: Paginas efectivas inspeccionadas (Sec.4 Requisitos funcionales a Sec.9 Legales, ERS_SRS_2A_v1.5.4, pag. 11-28 + verificacion matriz pag.78): | D3: 19
A5: 1. Densidad de defectos
A6: Total de defectos consolidados | B6: =COUNTA(Datos!A4:A19) -> 16
A7: Densidad (defectos / pagina) | B7: =B6/D3 -> 0.84210526
A9: 2. Distribucion por tipo
A10: Tipo | B10: Cantidad | C10: % del total
A11: Ambiguedad | B11: =COUNTIF(Datos!$B$4:$B$19,A11) -> 5 | C11: =B11/$B$6 -> 0.3125
A12: Completitud | B12: =COUNTIF(Datos!$B$4:$B$19,A12) -> 2 | C12: =B12/$B$6 -> 0.125
A13: Consistencia | B13: =COUNTIF(Datos!$B$4:$B$19,A13) -> 3 | C13: =B13/$B$6 -> 0.1875
A14: Verificabilidad | B14: =COUNTIF(Datos!$B$4:$B$19,A14) -> 3 | C14: =B14/$B$6 -> 0.1875
A15: Trazabilidad | B15: =COUNTIF(Datos!$B$4:$B$19,A15) -> 3 | C15: =B15/$B$6 -> 0.1875
A16: Factibilidad | B16: =COUNTIF(Datos!$B$4:$B$19,A16) -> 0 | C16: =B16/$B$6 -> 0
A18: 3. Distribucion por severidad
A19: Severidad | B19: Cantidad | C19: % del total
A20: Critico | B20: =COUNTIF(Datos!$C$4:$C$19,A20) -> 1 | C20: =B20/$B$6 -> 0.0625
A21: Mayor | B21: =COUNTIF(Datos!$C$4:$C$19,A21) -> 9 | C21: =B21/$B$6 -> 0.5625
A22: Menor | B22: =COUNTIF(Datos!$C$4:$C$19,A22) -> 6 | C22: =B22/$B$6 -> 0.375
A24: 4. Tasa de deteccion por inspector
A25: Inspector | B25: Defectos detectados (bruto, incluye coincidentes) | C25: % del total consolidado
A26: Ariel Castro | B26: =SUMPRODUCT(--ISNUMBER(SEARCH(A26,Datos!$D$4:$D$19))) -> 8 | C26: =B26/$B$6 -> 0.5
A27: Rosselyn Sanchez | B27: =SUMPRODUCT(--ISNUMBER(SEARCH(A27,Datos!$D$4:$D$19))) -> 9 | C27: =B27/$B$6 -> 0.5625
A29: 5. Esfuerzo total (horas-persona)
A30: Actividad | B30: Participantes | C30: Horas c/u (editar) | D30: Horas-persona
A31: Planificacion (asignar roles y alcance) | B31: 3 | C31: 0.5 | D31: =B31*C31 -> 1.5
A32: Preparacion individual - Ariel Castro (Inspector 1) | B32: 1 | C32: 1.5 | D32: =B32*C32 -> 1.5
A33: Preparacion individual - Rosselyn Sanchez (Inspector 2) | B33: 1 | C33: 1.5 | D33: =B33*C33 -> 1.5
A34: Preparacion/logistica - Erick Mera (Moderador/Lector) | B34: 1 | C34: 0.5 | D34: =B34*C34 -> 0.5
A35: Reunion de inspeccion (max 90 min) | B35: 3 | C35: 1.1 | D35: =B35*C35 -> 3.3
A36: Correccion de defectos criticos/mayores | B36: 1 | C36: 1.5 | D36: =B36*C36 -> 1.5
A37: TOTAL | D37: =SUM(D31:D36) -> 9.8
A39: Interpretacion:
A40: - Densidad: indica cuantos defectos se encontraron por cada pagina revisada del ERS; una densidad alta senala secciones que necesitan mas rigor antes de pasar a diseno.
A41: - Distribucion por tipo: revela si el problema dominante del ERS es de redaccion (ambiguedad), de alcance (completitud) o de gestion (trazabilidad).
A42: - Distribucion por severidad: el peso de los defectos Mayor frente a Menor muestra si el documento requiere una revision estructural o solo ajustes puntuales.
A43: - Tasa de deteccion por inspector: una diferencia grande entre inspectores puede reflejar distinto nivel de familiaridad con el dominio, no necesariamente distinto esfuerzo.
A44: - Esfuerzo: compara el costo de la inspeccion contra el numero y severidad de los defectos evitados en fases posteriores, mas costosas de corregir.
